{
  "rel_distance": {
    "1":  0.083081922,
    "2":  0.104432583,
    "3":  0.149222557,
    "4":  0.324891283,
    "5":  0.362195405,
    "6":  0.464124855,
    "7":  0.49883999,
    "8":  0.532724349,
    "9":  0.562513373,
    "10": 0.626680895,
    "11": 0.675887545,
    "12": 0.744264993,
    "13": 0.77292181,
    "14": 0.833020953,
    "15": 0.924960613
  },
  "distance": {
    "1": 358.1308201918641,
    "2": 450.53390572881204,
    "3": 643.0203260870414,
    "4": 1399.956538803262,
    "5": 1560.6982068380398,
    "6": 1999.9141475831934,
    "7": 2149.5015184725034,
    "8": 2295.509220086955,
    "9": 2423.870124724098,
    "10": 2700.367974587657,
    "11": 2912.3994299177266,
    "12": 3207.0378557859917,
    "13": 3330.520080882156,
    "14": 3589.487286609351,
    "15": 3985.6552807607923
  }
}