{
  "rel_distance": {
    "1": 0.05025737766187621,
    "2": 0.06552133959548714,
    "3": 0.09123251465427559,
    "4": 0.11495724905883084,
    "5": 0.25162280047187124,
    "6": 0.29500279762106674,
    "7": 0.3314553345332178,
    "8": 0.3455959867620668,
    "9": 0.3759349346225152,
    "10": 0.445184890240957,
    "11": 0.49716473649985066,
    "12": 0.533465756399502,
    "13": 0.6579867094307109,
    "14": 0.84174407457392,
    "15": 0.849726504029086,
    "16": 0.861807663693957,
    "17": 0.9799025586774821
  },
  "distance": {
    "1": 311.6459988812944,
    "2": 406.2978268316158,
    "3": 565.7328233711629,
    "4": 712.84990141381,
    "5": 1560.3129857260735,
    "6": 1829.3123480482348,
    "7": 2055.3545294404835,
    "8": 2143.0407139115764,
    "9": 2331.172529594217,
    "10": 2760.591504384174,
    "11": 3082.918531035574,
    "12": 3308.021155433312,
    "13": 4080.1755851798384,
    "14": 5219.655006432878,
    "15": 5269.154051484363,
    "16": 5344.069322566227,
    "17": 6076.375766359067
  }
}